{"cameraMode":{"drawMode":0,"name":"Shaded","section":"Shading Mode"},"sceneLighting":false,"audioPlay":false,"sceneViewState":{"showFog":true,"showMaterialUpdate":false,"showSkybox":false,"showFlares":true,"showImageEffects":true,"showParticleSystems":true},"in2DMode":false,"pivot":{"x":4.771369934082031,"y":0.29646778106689455,"z":-5.139121055603027},"rotation":{"x":0.036552444100379947,"y":0.91046142578125,"z":-0.08244767785072327,"w":0.40364280343055727},"size":0.2229308784008026,"orthographic":false}